{"cameraMode":{"drawMode":0,"name":"Shaded","section":"Shading Mode"},"sceneLighting":true,"audioPlay":false,"sceneViewState":{"showFog":true,"showMaterialUpdate":false,"showSkybox":true,"showFlares":true,"showImageEffects":true,"showParticleSystems":true},"in2DMode":false,"pivot":{"x":0.009949195198714733,"y":0.6821058988571167,"z":-0.24724529683589936},"rotation":{"x":-0.0034824730828404428,"y":-0.9847047924995422,"z":0.1730889081954956,"w":-0.01979685015976429},"size":3.14505934715271,"orthographic":true}