{"cameraMode":{"drawMode":0,"name":"Shaded","section":"Shading Mode"},"sceneLighting":false,"audioPlay":false,"sceneViewState":{"showFog":true,"showMaterialUpdate":false,"showSkybox":false,"showFlares":true,"showImageEffects":true,"showParticleSystems":true},"in2DMode":false,"pivot":{"x":0.0820000022649765,"y":1.034999966621399,"z":0.4099999964237213},"rotation":{"x":-0.05855463817715645,"y":0.8401962518692017,"z":-0.09263471513986588,"w":-0.531100332736969},"size":0.913937509059906,"orthographic":false}