{"cameraMode":{"drawMode":0,"name":"Shaded","section":"Shading Mode"},"sceneLighting":true,"audioPlay":false,"sceneViewState":{"showFog":true,"showMaterialUpdate":false,"showSkybox":true,"showFlares":true,"showImageEffects":true,"showParticleSystems":true},"in2DMode":false,"pivot":{"x":328.0003967285156,"y":167.0,"z":-0.0001220703125},"rotation":{"x":0.032992199063301089,"y":0.010494097135961056,"z":-0.0003464301989879459,"w":0.9994007349014282},"size":268.6006774902344,"orthographic":false}